Rk,Player,Pos,Age,Tm,G,MP,PER,TS%▼,3PAr,FTr,ORB%,DRB%,TRB%,AST%,STL%,BLK%,TOV%,USG%,,OWS,DWS,WS,WS/48,,OBPM,DBPM,BPM,VORP
1,Joe Ingles\inglejo01,SF,33,UTA,50,1341,17.0,.714,.710,.169,1.8,12.0,7.1,22.1,1.2,0.6,15.7,15.9,,4.0,1.6,5.6,.199,,3.3,1.0,4.4,2.2
2,Ivica Zubac\zubaciv01,C,23,LAC,57,1269,19.7,.694,.010,.440,14.2,22.9,18.6,7.5,0.9,3.5,14.4,15.0,,4.0,1.7,5.7,.214,,0.9,-0.2,0.7,0.9
3,Jarrett Allen\allenja01,C,22,TOT,46,1327,21.6,.680,.038,.659,11.6,27.1,19.3,8.8,0.8,5.1,13.6,16.9,,3.6,1.7,5.3,.193,,2.1,0.1,2.2,1.4
4,Rudy Gobert\goberru01,C,28,UTA,55,1705,23.7,.675,.007,.690,12.0,32.7,22.7,6.3,0.8,7.3,13.1,17.1,,4.8,4.0,8.8,.248,,2.1,2.5,4.6,2.9
5,Richaun Holmes\holmeri01,C,27,SAC,50,1499,20.3,.674,.022,.298,9.3,24.0,16.5,8.0,1.1,4.5,10.4,16.7,,4.1,1.0,5.2,.165,,0.7,-0.2,0.5,1.0
6,Joe Harris\harrijo01,SF,29,BRK,55,1688,14.5,.671,.642,.086,2.4,10.4,6.6,8.3,1.0,0.5,7.1,16.0,,3.6,0.8,4.5,.127,,2.0,-1.4,0.6,1.1
7,Kevin Durant\duranke01,PF,32,BRK,22,749,25.7,.665,.316,.407,1.4,21.1,11.7,24.9,0.9,3.4,15.4,32.0,,2.2,0.8,2.9,.187,,5.7,0.0,5.7,1.4
8,Stephen Curry\curryst01,PG,32,GSW,48,1627,26.5,.660,.572,.289,1.6,15.7,8.7,31.4,1.7,0.3,12.0,33.2,,5.3,1.8,7.1,.208,,8.0,0.2,8.2,4.2
9,Robin Lopez\lopezro01,C,32,WAS,54,1088,15.8,.657,.057,.350,11.1,10.4,10.7,6.1,0.6,2.5,13.8,16.1,,2.1,0.6,2.7,.121,,-0.1,-1.4,-1.5,0.1
10,Zion Williamson\willizi01,PF,20,NOP,50,1646,27.9,.656,.032,.519,8.7,15.3,12.0,20.0,1.3,2.0,11.1,29.7,,6.4,1.0,7.4,.216,,5.9,-0.2,5.6,3.2
11,Deandre Ayton\aytonde01,C,22,PHO,55,1680,20.5,.653,.035,.253,12.5,26.8,19.8,6.9,0.8,3.4,12.8,19.5,,4.0,2.7,6.8,.194,,0.7,0.1,0.8,1.2
12,Michael Porter Jr.\portemi01,SF,22,DEN,45,1377,20.2,.649,.448,.168,6.8,22.0,14.5,4.7,1.0,3.0,7.6,20.9,,3.4,1.5,4.9,.169,,3.4,-1.2,2.2,1.5
13,Montrezl Harrell\harremo01,C,27,LAL,56,1365,22.5,.646,.019,.412,11.4,18.9,15.2,7.5,1.4,2.8,9.3,21.5,,3.9,2.5,6.4,.225,,2.4,0.3,2.7,1.6
14,Mikal Bridges\bridgmi01,SF,24,PHO,55,1767,15.7,.644,.458,.199,4.1,11.6,8.0,9.3,1.4,2.5,7.7,15.0,,3.6,2.2,5.9,.159,,1.7,0.7,2.4,2.0
15,Joel Embiid\embiijo01,C,26,PHI,37,1189,31.2,.642,.169,.642,7.4,29.8,18.9,16.9,1.5,4.1,11.8,35.1,,4.6,2.5,7.1,.285,,6.8,1.4,8.2,3.0
16,Nikola Jokić\jokicni01,C,25,DEN,55,1945,30.9,.641,.184,.266,9.3,25.6,17.5,41.2,2.0,1.8,13.3,29.0,,9.4,2.6,12.0,.296,,9.0,2.5,11.6,6.6
17,Enes Kanter\kanteen01,C,28,POR,54,1430,22.5,.641,.002,.298,17.0,31.6,24.0,7.3,1.0,2.5,11.8,17.4,,4.7,1.2,5.9,.198,,1.8,-1.9,-0.1,0.7
18,Chris Boucher\bouchch01,C,28,TOR,56,1338,22.0,.635,.415,.340,8.5,22.4,15.2,7.0,1.2,8.0,7.2,20.7,,3.6,2.0,5.6,.202,,2.7,0.3,3.0,1.7
19,Norman Powell\powelno01,SG-SF,27,TOT,52,1604,17.2,.635,.469,.300,2.0,9.2,5.5,9.2,1.9,0.8,10.8,23.5,,2.7,1.1,3.8,.115,,1.5,-0.5,0.9,1.2
20,Zach LaVine\lavinza01,SG,25,CHI,53,1867,21.6,.633,.424,.268,1.9,14.0,8.1,24.0,1.1,1.2,14.4,31.0,,3.8,1.5,5.4,.138,,4.8,-1.0,3.8,2.7
21,Giannis Antetokounmpo\antetgi01,PF,26,MIL,46,1554,28.8,.630,.203,.534,5.6,28.4,17.4,29.1,1.6,3.5,14.1,32.6,,5.1,2.7,7.8,.241,,6.0,2.6,8.5,4.1
22,John Collins\collijo01,PF,23,ATL,47,1422,20.7,.630,.259,.252,7.7,20.3,14.1,7.6,0.9,3.1,7.7,22.5,,3.8,1.4,5.2,.175,,2.5,-0.4,2.1,1.5
23,Mason Plumlee\plumlma01,C,30,DET,51,1376,18.3,.630,.020,.450,10.7,27.4,18.8,20.3,1.5,2.8,18.7,16.3,,2.7,1.8,4.5,.157,,0.0,1.6,1.6,1.3
24,Duncan Robinson\robindu01,SF,26,MIA,55,1765,10.6,.630,.860,.109,0.3,12.2,6.4,8.4,0.8,0.8,10.4,16.2,,1.3,1.5,2.8,.077,,-0.3,-0.8,-1.1,0.4
25,Doug McDermott\mcderdo01,PF,29,IND,51,1245,15.4,.625,.444,.141,4.6,11.9,8.3,8.2,0.6,0.3,7.6,19.9,,2.2,0.6,2.8,.109,,1.6,-2.0,-0.4,0.5
26,Nicolas Batum\batumni01,SF,32,LAC,54,1533,13.3,.624,.666,.149,3.3,15.8,9.7,10.5,1.9,1.6,10.8,12.1,,2.5,1.9,4.3,.135,,0.6,0.8,1.4,1.3
27,Jalen Brunson\brunsja01,PG,24,DAL,50,1283,16.9,.624,.336,.270,1.7,13.5,7.7,20.4,1.0,0.0,11.1,19.9,,2.9,0.9,3.8,.142,,1.2,-0.8,0.4,0.8
28,Dāvis Bertāns\bertada01,PF,28,WAS,41,1003,11.9,.623,.896,.236,1.6,11.3,6.4,5.0,1.2,0.8,6.6,16.4,,1.4,0.6,2.1,.099,,0.6,-1.2,-0.6,0.4
29,Shai Gilgeous-Alexander\gilgesh01,SG,22,OKC,35,1180,21.8,.623,.301,.405,1.7,13.0,7.4,31.2,1.1,1.7,13.7,28.2,,2.8,0.9,3.6,.147,,3.8,0.0,3.8,1.7
30,Bam Adebayo\adebaba01,C,23,MIA,49,1640,22.7,.622,.013,.446,8.1,23.0,15.7,27.2,1.5,3.6,15.0,24.2,,4.1,2.6,6.7,.196,,2.9,1.8,4.8,2.8
31,Miles Bridges\bridgmi02,PF,22,CHO,54,1499,13.4,.622,.464,.189,4.9,17.9,11.4,10.5,1.1,2.6,15.6,16.0,,1.5,1.5,3.0,.095,,-0.5,-0.2,-0.7,0.5
32,Jeff Green\greenje02,C,34,BRK,51,1358,12.1,.622,.473,.296,2.1,13.2,7.9,7.3,1.0,1.1,9.1,14.8,,1.9,0.8,2.8,.098,,-0.4,-1.0,-1.4,0.2
33,Kawhi Leonard\leonaka01,SF,29,LAC,45,1559,26.9,.621,.270,.318,3.9,17.2,10.7,24.0,2.4,1.1,8.6,29.2,,5.9,2.1,8.0,.246,,5.8,1.0,6.8,3.5
34,Daniel Theis\theisda01,C,28,TOT,51,1234,15.4,.621,.328,.243,6.0,18.0,12.0,9.6,1.2,3.7,11.3,15.5,,2.1,1.4,3.5,.134,,-0.4,0.6,0.2,0.7
35,Kyrie Irving\irvinky01,PG,28,BRK,39,1370,25.3,.619,.333,.198,3.7,11.2,7.6,29.3,1.7,1.5,9.1,30.6,,4.8,1.1,5.8,.204,,6.1,-0.6,5.5,2.6
36,Lauri Markkanen\markkla01,PF,23,CHI,34,937,15.4,.619,.539,.197,3.1,18.7,11.1,4.7,0.8,1.1,8.8,20.8,,1.2,0.8,2.0,.103,,1.4,-1.6,-0.2,0.4
37,Jonas Valančiūnas\valanjo01,C,28,MEM,48,1345,24.0,.619,.075,.279,16.0,33.0,24.3,9.9,0.9,2.5,11.2,23.3,,3.7,2.0,5.7,.203,,2.8,-0.8,2.0,1.3
38,James Harden\hardeja01,PG-SG,31,TOT,42,1558,24.6,.616,.453,.438,2.6,20.7,12.0,44.2,1.5,1.6,16.7,28.7,,5.2,1.6,6.8,.209,,6.1,0.4,6.5,3.3
39,Karl-Anthony Towns\townska01,C,25,MIN,34,1180,23.6,.616,.348,.323,8.1,27.4,17.4,22.9,1.0,3.5,13.8,28.5,,2.6,1.1,3.7,.151,,4.2,0.5,4.7,2.0
40,Paul George\georgpa01,SF,30,LAC,42,1411,21.8,.615,.430,.231,2.9,17.5,10.4,25.7,1.7,1.1,14.2,29.1,,3.2,1.6,4.9,.166,,4.9,-0.3,4.5,2.3
41,Harrison Barnes\barneha02,PF,28,SAC,53,1925,15.0,.613,.385,.378,3.4,17.1,10.2,12.9,1.0,0.4,11.0,16.8,,3.5,0.3,3.7,.093,,1.1,-1.6,-0.5,0.7
42,Damian Lillard\lillada01,PG,30,POR,52,1867,25.1,.613,.535,.372,1.4,11.5,6.3,35.8,1.2,0.7,11.9,31.9,,7.2,0.4,7.6,.194,,7.1,-1.9,5.2,3.4
43,Clint Capela\capelca01,C,26,ATL,49,1482,24.8,.611,.000,.326,17.4,34.2,25.9,4.5,1.1,6.5,9.0,19.9,,3.9,2.6,6.5,.211,,2.7,0.2,2.9,1.8
44,Danilo Gallinari\gallida01,PF,32,ATL,39,935,15.8,.610,.553,.363,1.3,17.0,9.3,8.8,1.2,0.7,8.2,21.7,,1.9,0.7,2.6,.133,,1.3,-0.9,0.4,0.6
45,Marcus Morris\morrima03,PF,31,LAC,44,1140,14.5,.610,.513,.132,2.7,14.7,8.8,5.8,1.1,0.8,7.6,19.9,,1.7,1.0,2.8,.116,,0.8,-1.2,-0.4,0.5
46,Bryn Forbes\forbebr01,SG,27,MIL,54,1032,11.7,.609,.642,.112,0.8,6.3,3.7,4.3,0.8,0.0,6.8,18.4,,1.3,0.6,1.9,.086,,-0.1,-2.0,-2.1,0.0
47,Tobias Harris\harrito02,PF,28,PHI,49,1631,20.7,.609,.230,.234,3.4,20.0,11.9,17.6,1.3,2.3,9.9,24.0,,3.6,2.6,6.2,.183,,3.2,0.9,4.1,2.5
48,Desmond Bane\banede01,SG,22,MEM,49,1096,12.4,.607,.518,.106,1.7,13.3,7.3,9.7,1.4,0.8,10.6,16.6,,1.1,1.1,2.2,.095,,-0.9,-0.1,-0.9,0.3
49,Christian Wood\woodch01,C,25,HOU,32,1022,21.5,.606,.298,.292,5.8,27.0,15.9,8.8,1.3,3.6,9.4,25.8,,1.4,1.3,2.7,.127,,2.4,-0.2,2.1,1.1
50,LeBron James\jamesle01,PG,36,LAL,41,1388,24.5,.605,.352,.316,2.0,23.6,13.0,41.5,1.5,1.5,15.0,31.7,,3.0,2.6,5.6,.194,,6.1,1.7,7.8,3.4
51,Brook Lopez\lopezbr01,C,32,MIL,54,1471,14.8,.605,.487,.210,5.9,13.5,9.8,3.6,1.1,4.6,8.6,16.2,,2.2,1.8,4.0,.132,,0.0,0.0,0.0,0.7
52,Myles Turner\turnemy01,C,24,IND,46,1422,15.8,.604,.475,.322,4.6,18.3,11.5,4.4,1.3,9.2,12.0,16.6,,1.2,2.3,3.4,.116,,-1.2,1.9,0.6,0.9
53,Jakob Poeltl\poeltja01,C,25,SAS,53,1376,17.1,.603,.000,.294,13.2,19.7,16.4,9.9,1.2,5.4,15.9,13.3,,2.2,1.9,4.1,.141,,-0.6,0.7,0.1,0.7
54,Grayson Allen\allengr01,SG,25,MEM,40,1000,13.6,.602,.674,.208,1.6,12.4,6.8,11.8,1.9,0.6,10.0,16.9,,1.4,1.0,2.4,.115,,0.1,0.3,0.4,0.6
55,Evan Fournier\fournev01,SF-SG,28,TOT,30,902,17.5,.602,.518,.312,0.6,9.3,4.8,19.1,1.7,1.2,11.1,25.0,,1.4,0.7,2.0,.108,,1.6,-0.5,1.1,0.7
56,Cameron Johnson\johnsca02,PF,24,PHO,49,1141,13.1,.601,.693,.123,2.6,12.8,7.9,8.4,1.3,1.2,8.4,17.1,,1.4,1.3,2.7,.113,,0.9,-0.2,0.7,0.8
57,Jimmy Butler\butleji01,SF,31,MIA,40,1345,26.2,.600,.140,.541,6.5,17.1,11.9,36.7,3.1,1.2,10.7,26.5,,4.8,2.2,7.0,.250,,5.0,2.7,7.7,3.3
58,Jrue Holiday\holidjr01,PG,30,MIL,43,1357,19.8,.598,.348,.146,4.4,10.4,7.5,24.3,2.6,1.5,13.0,21.9,,3.0,1.8,4.7,.167,,2.6,0.9,3.4,1.9
59,Malik Monk\monkma01,SG,22,CHO,32,694,15.2,.598,.512,.202,1.9,11.5,6.6,14.2,1.1,0.6,11.8,24.6,,0.6,0.4,1.1,.074,,1.0,-2.0,-1.1,0.2
60,OG Anunoby\anunoog01,SF,23,TOR,37,1221,14.6,.597,.508,.202,4.5,14.6,9.4,9.2,2.3,2.1,12.4,18.5,,1.1,1.4,2.5,.098,,0.1,0.3,0.4,0.7
61,Bradley Beal\bealbr01,SG,27,WAS,45,1587,23.1,.597,.286,.345,3.5,11.0,7.2,24.2,1.5,0.8,11.4,34.6,,3.2,1.1,4.3,.130,,5.2,-1.6,3.6,2.2
62,Sterling Brown\brownst02,SG,25,HOU,51,1229,11.2,.597,.642,.093,3.2,16.8,9.7,8.5,1.5,0.9,10.5,13.5,,1.0,1.0,2.0,.079,,-1.7,0.0,-1.7,0.1
63,Mike Conley\conlemi01,PG,33,UTA,44,1312,19.2,.597,.531,.214,2.8,9.1,6.1,28.2,2.2,0.4,11.9,22.6,,3.6,1.7,5.3,.195,,3.5,0.6,4.1,2.0
64,Bobby Portis\portibo01,C,25,MIL,51,1098,19.5,.597,.264,.103,9.2,25.5,17.7,7.7,1.7,1.5,8.1,20.2,,2.2,1.7,3.9,.169,,1.9,-0.5,1.4,1.0
65,Naz Reid\reidna01,C,21,MIN,54,1041,17.9,.597,.300,.306,5.9,20.1,12.7,9.1,1.4,4.8,10.0,22.1,,1.4,1.0,2.3,.108,,-0.3,-0.3,-0.6,0.4
66,Terry Rozier\roziete01,SG,26,CHO,51,1722,17.3,.597,.521,.186,1.8,11.6,6.7,17.0,1.9,1.2,10.1,24.0,,2.5,1.5,4.0,.113,,2.5,-0.8,1.7,1.6
67,DeMar DeRozan\derozde01,PF,31,SAS,46,1560,22.1,.595,.093,.478,2.1,11.6,6.7,32.8,1.3,0.6,9.8,25.2,,4.7,1.2,5.9,.181,,3.7,-0.2,3.5,2.2
68,Thaddeus Young\youngth01,PF,32,CHI,50,1233,20.6,.595,.059,.166,11.0,17.4,14.2,26.1,2.3,2.1,16.2,21.3,,2.4,1.6,4.0,.155,,1.9,1.4,3.3,1.7
69,Bogdan Bogdanović\bogdabo01,SG,28,ATL,31,856,15.9,.594,.585,.090,2.2,12.2,7.3,17.0,1.5,0.8,8.5,20.4,,1.5,0.6,2.2,.121,,2.2,0.0,2.3,0.9
70,Luka Dončić\doncilu01,PG,21,DAL,49,1716,25.8,.594,.391,.341,2.5,21.8,12.3,44.0,1.4,1.6,15.2,36.0,,4.1,2.0,6.1,.171,,6.5,0.8,7.3,4.1
71,Danny Green\greenda02,SF,33,PHI,54,1530,11.9,.594,.792,.073,3.0,11.0,7.1,7.9,2.1,2.7,11.7,13.9,,1.2,2.4,3.6,.114,,0.2,1.2,1.4,1.3
72,Jaylen Brown\brownja02,SG,24,BOS,52,1774,20.5,.593,.363,.229,4.0,15.0,9.5,17.1,1.7,1.5,11.6,29.7,,3.0,1.8,4.7,.127,,3.8,-0.8,3.0,2.2
73,Patty Mills\millspa02,PG,32,SAS,52,1337,13.4,.593,.690,.128,1.3,6.1,3.7,14.0,1.2,0.1,8.7,19.1,,1.7,0.7,2.4,.086,,1.1,-1.7,-0.6,0.5
74,Kenrich Williams\willike04,PF,26,OKC,55,1139,13.8,.593,.277,.150,6.2,14.6,10.4,16.1,1.6,0.9,13.6,15.0,,1.4,1.0,2.4,.101,,-1.2,0.7,-0.4,0.4
75,Devin Booker\bookede01,SG,24,PHO,51,1720,19.4,.592,.309,.292,1.3,12.2,6.9,22.0,1.2,0.7,13.1,32.9,,2.2,1.9,4.0,.113,,1.5,-1.1,0.4,1.0
76,Jamal Murray\murraja01,PG,23,DEN,48,1704,18.4,.592,.399,.193,2.5,10.4,6.5,20.1,1.9,0.7,11.2,24.8,,3.3,1.4,4.7,.131,,2.7,-1.0,1.7,1.6
77,Jae'Sean Tate\tateja01,SF,25,HOU,55,1586,14.1,.592,.313,.236,7.2,13.0,10.0,10.7,1.9,1.7,11.7,15.4,,2.1,1.4,3.5,.107,,-1.6,0.5,-1.1,0.4
78,Kyle Lowry\lowryky01,PG,34,TOR,40,1385,16.3,.591,.536,.276,2.5,15.2,8.7,31.5,1.5,0.7,16.7,21.6,,2.3,1.2,3.5,.121,,1.6,-0.7,1.0,1.0
79,Khris Middleton\middlkh01,SF,29,MIL,53,1767,18.4,.591,.326,.219,2.7,16.0,9.6,23.6,1.6,0.5,13.9,24.9,,3.2,1.9,5.2,.140,,2.1,-0.6,1.5,1.6
80,Brandon Ingram\ingrabr01,SF,23,NOP,50,1723,20.0,.590,.348,.295,1.9,13.9,7.9,22.2,1.0,1.9,10.8,28.2,,3.8,0.8,4.6,.127,,3.9,-1.4,2.5,2.0
81,Kelly Olynyk\olynyke01,C-PF,29,TOT,54,1492,14.2,.590,.600,.147,4.5,21.4,13.0,12.7,1.7,2.3,12.7,18.1,,1.1,2.1,3.2,.104,,-0.7,0.8,0.1,0.8
82,Domantas Sabonis\sabondo01,PF,24,IND,51,1824,19.7,.590,.179,.397,7.9,27.6,17.7,25.2,1.5,1.3,16.7,24.3,,2.9,2.3,5.2,.137,,2.0,1.0,2.9,2.3
83,Anthony Davis\davisan02,PF,27,LAL,23,755,24.4,.588,.151,.339,7.1,21.2,14.3,16.3,2.0,4.8,9.3,27.9,,1.5,1.7,3.1,.199,,4.3,2.1,6.4,1.6
84,Tyrese Haliburton\halibty01,PG,20,SAC,50,1509,16.1,.588,.481,.086,2.6,8.8,5.7,23.0,2.1,1.5,12.1,17.6,,2.5,0.4,2.9,.092,,1.8,-0.7,1.0,1.2
85,T.J. McConnell\mccontj01,PG,28,IND,51,1303,16.8,.587,.092,.101,3.4,12.5,7.9,34.6,3.3,1.1,22.0,14.9,,1.9,1.6,3.5,.129,,0.0,1.7,1.7,1.2
86,Bruce Brown\brownbr01,PG,24,BRK,51,1129,15.0,.585,.142,.270,8.6,15.6,12.3,9.6,1.9,1.5,10.6,15.9,,1.9,1.1,3.0,.127,,-1.0,-0.2,-1.2,0.2
87,Chris Paul\paulch01,PG,35,PHO,54,1706,20.5,.585,.294,.217,1.5,14.6,8.2,39.6,2.3,0.6,14.0,22.0,,4.6,2.4,7.0,.198,,2.6,1.4,4.1,2.6
88,Kristaps Porziņģis\porzikr01,C,25,DAL,35,1087,22.0,.585,.384,.198,7.1,25.2,16.3,8.5,0.6,4.7,7.2,27.3,,2.0,1.5,3.5,.155,,3.0,-0.5,2.5,1.2
89,Gordon Hayward\haywago01,SF,30,CHO,44,1496,17.6,.584,.312,.281,2.7,16.2,9.4,19.4,1.7,0.9,11.0,23.8,,2.3,1.4,3.7,.119,,1.9,-0.5,1.4,1.3
90,Saddiq Bey\beysa01,SF,21,DET,53,1341,12.7,.583,.682,.206,2.2,15.7,8.8,7.6,1.4,0.4,7.6,18.1,,1.4,1.0,2.4,.087,,0.3,-1.0,-0.7,0.5
91,Reggie Bullock\bullore01,SF,29,NYK,49,1365,10.4,.583,.692,.088,0.9,11.9,6.4,7.2,1.4,0.6,7.6,14.5,,1.2,1.7,2.9,.102,,-1.3,0.6,-0.6,0.5
92,Wendell Carter Jr.\cartewe01,C,21,TOT,42,1068,17.6,.583,.099,.422,10.3,24.2,17.3,12.3,1.3,2.9,13.4,19.5,,1.6,1.3,3.0,.134,,-0.7,0.0,-0.7,0.3
93,Trae Young\youngtr01,PG,22,ATL,51,1751,22.0,.583,.360,.490,2.0,10.4,6.3,45.1,1.2,0.6,16.6,32.9,,4.4,0.9,5.3,.146,,5.0,-1.9,3.1,2.2
94,Serge Ibaka\ibakase01,C,31,LAC,39,919,17.6,.582,.311,.130,8.6,23.1,16.0,10.8,0.5,4.4,10.7,19.8,,1.5,1.2,2.7,.141,,1.0,-0.5,0.4,0.6
95,Reggie Jackson\jacksre01,SG,30,LAC,54,1204,14.4,.580,.458,.158,1.8,12.2,7.2,19.2,1.3,0.4,11.1,19.8,,1.9,1.0,3.0,.118,,0.2,-0.5,-0.3,0.5
96,Tim Hardaway Jr.\hardati02,SG,28,DAL,53,1512,14.9,.579,.576,.179,1.2,11.5,6.5,9.1,0.8,0.4,6.2,22.9,,2.0,0.9,2.9,.093,,1.5,-1.7,-0.2,0.7
97,Jae Crowder\crowdja01,PF,30,PHO,52,1445,12.0,.578,.765,.158,2.1,17.4,10.0,10.0,1.5,1.3,9.6,15.5,,1.3,1.9,3.2,.107,,0.1,0.8,0.9,1.1
98,Eric Gordon\gordoer01,SG,32,HOU,27,789,14.6,.577,.572,.311,1.0,7.0,3.9,14.7,0.8,1.5,10.9,25.3,,0.6,0.3,0.9,.056,,0.9,-1.5,-0.6,0.3
99,Ben Simmons\simmobe01,PG,24,PHI,47,1560,18.0,.577,.020,.528,5.6,19.3,12.6,31.5,2.3,1.6,20.5,20.9,,1.9,2.8,4.7,.144,,0.6,1.8,2.4,1.7
100,Seth Curry\curryse01,SG,30,PHI,44,1271,11.7,.575,.487,.153,0.8,7.2,4.1,14.0,1.3,0.6,10.7,17.3,,1.2,1.4,2.6,.099,,-0.8,-1.2,-2.0,0.0
101,Collin Sexton\sextoco01,SG,22,CLE,46,1645,17.8,.575,.238,.330,2.4,6.6,4.4,20.8,1.6,0.2,10.9,28.8,,2.2,0.8,3.0,.088,,1.6,-1.8,-0.2,0.7
102,Monte Morris\morrimo01,PG,25,DEN,43,1132,13.8,.574,.357,.192,1.1,8.3,4.7,16.5,1.3,1.0,7.6,16.3,,1.9,0.7,2.6,.111,,0.2,-1.2,-1.1,0.3
103,CJ McCollum\mccolcj01,SG,29,POR,29,962,21.6,.573,.514,.143,1.9,11.0,6.3,23.9,1.5,1.4,5.9,28.0,,2.6,0.3,2.9,.145,,5.4,-1.6,3.9,1.4
104,Kyle Anderson\anderky01,PF,27,MEM,51,1389,17.1,.572,.397,.267,2.9,20.4,11.4,17.8,2.2,2.6,10.8,18.8,,1.9,2.1,4.0,.138,,1.2,1.7,3.0,1.7
105,Jayson Tatum\tatumja01,SF,22,BOS,50,1776,20.8,.572,.369,.233,2.2,20.1,11.1,19.9,1.7,1.2,10.2,30.3,,3.0,1.9,4.9,.134,,4.0,-0.4,3.6,2.5
106,Justin Holiday\holidju01,SG,31,IND,54,1697,10.6,.571,.724,.137,1.8,11.1,6.5,7.0,1.9,1.1,7.9,14.1,,1.1,1.4,2.5,.072,,-0.6,-0.2,-0.8,0.5
107,Malik Beasley\beaslma01,SG,24,MIN,37,1214,14.7,.570,.535,.133,2.4,12.5,7.2,11.9,1.2,0.5,8.6,24.1,,0.9,0.4,1.3,.050,,1.7,-2.3,-0.6,0.4
108,Bojan Bogdanović\bogdabo02,SF,31,UTA,55,1671,12.6,.570,.521,.277,2.0,11.5,6.9,8.6,0.8,0.1,9.7,20.9,,1.9,1.7,3.6,.103,,-0.3,-1.0,-1.3,0.3
109,Kentavious Caldwell-Pope\caldwke01,SG,27,LAL,52,1404,9.6,.570,.550,.201,1.9,9.1,5.6,8.4,1.4,1.1,11.9,14.2,,0.7,2.0,2.7,.092,,-2.1,0.2,-1.9,0.0
110,Nikola Vučević\vucevni01,C,30,TOT,55,1851,23.8,.570,.312,.121,6.1,30.3,17.8,20.9,1.4,2.0,7.7,29.4,,3.1,2.4,5.5,.144,,5.5,0.2,5.7,3.6
111,Donovan Mitchell\mitchdo01,PG,24,UTA,52,1750,21.4,.569,.422,.289,3.1,10.5,7.0,26.8,1.4,0.6,10.5,33.3,,4.2,2.1,6.3,.172,,4.1,-0.6,3.5,2.4
112,Kendrick Nunn\nunnke01,PG,25,MIA,41,1169,13.1,.569,.481,.099,1.7,10.6,6.3,15.1,1.8,1.0,11.4,21.0,,0.3,1.3,1.6,.066,,-1.0,0.0,-1.0,0.3
113,Isaiah Roby\robyis01,PF,22,OKC,45,1060,12.5,.569,.238,.303,6.9,18.4,12.6,11.7,1.7,2.4,19.4,17.6,,0.1,1.2,1.3,.057,,-3.2,0.4,-2.9,-0.2
114,Dorian Finney-Smith\finnedo01,PF,27,DAL,43,1376,11.0,.568,.649,.092,6.0,13.1,9.6,6.6,1.3,1.4,7.1,11.8,,1.7,1.2,2.9,.101,,-0.5,0.0,-0.6,0.5
115,Andrew Wiggins\wiggian01,PF,25,GSW,56,1823,14.7,.568,.361,.235,3.2,12.3,7.8,11.2,1.4,2.6,10.4,23.3,,0.7,2.0,2.7,.070,,-0.2,-0.6,-0.8,0.6
116,Robert Covington\covinro01,PF,30,POR,52,1676,11.9,.566,.703,.118,2.5,20.2,11.1,7.1,2.4,3.6,11.8,12.2,,1.1,1.7,2.7,.078,,-1.3,1.3,0.0,0.9
117,De'Aaron Fox\foxde01,PG,23,SAC,55,1933,20.6,.566,.293,.374,1.7,9.3,5.4,32.3,2.0,1.1,12.1,30.9,,3.3,0.4,3.8,.093,,3.0,-1.5,1.4,1.7
118,Josh Hart\hartjo01,SF,25,NOP,47,1349,12.3,.566,.561,.259,4.4,26.4,15.5,10.5,1.4,0.9,11.3,13.6,,1.5,1.1,2.6,.092,,-1.1,0.0,-1.1,0.3
119,Julius Randle\randlju01,PF,26,NYK,55,2043,19.5,.566,.281,.324,3.9,27.0,15.4,27.5,1.2,0.7,14.5,28.4,,2.5,3.4,5.9,.138,,2.8,0.8,3.7,2.9
120,Malcolm Brogdon\brogdma01,PG,28,IND,48,1687,18.2,.565,.382,.171,3.2,12.6,7.9,26.1,1.3,0.5,9.8,25.6,,2.8,1.2,4.0,.114,,3.0,-1.4,1.7,1.6
121,Lonzo Ball\balllo01,PG,23,NOP,41,1300,15.6,.564,.655,.095,2.1,12.3,7.3,25.2,2.1,1.7,13.8,19.9,,1.7,0.9,2.6,.096,,1.7,-0.1,1.6,1.2
122,Marcus Smart\smartma01,PG,26,BOS,37,1203,15.0,.563,.547,.348,2.0,8.9,5.5,23.4,2.2,1.5,13.0,18.2,,2.0,1.1,3.1,.124,,0.4,0.2,0.5,0.8
123,LaMelo Ball\ballla01,PG,19,CHO,41,1174,18.6,.562,.411,.234,4.9,17.4,11.1,34.0,2.7,1.2,16.5,25.4,,1.4,1.5,2.9,.119,,1.9,0.8,2.7,1.4
124,Alec Burks\burksal01,SG,29,NYK,44,1134,14.6,.561,.491,.250,1.8,17.0,9.4,13.1,1.3,1.0,8.2,20.9,,1.4,1.6,3.0,.127,,0.5,0.3,0.8,0.8
125,Brandon Clarke\clarkbr01,PF,24,MEM,45,1142,17.1,.561,.154,.227,6.4,17.3,11.7,9.3,2.0,3.1,5.5,17.6,,1.8,1.6,3.3,.141,,0.2,0.9,1.1,0.9
126,Buddy Hield\hieldbu01,SG,28,SAC,55,1900,12.1,.561,.737,.107,1.2,13.5,7.2,12.6,1.1,0.9,10.6,20.7,,1.0,0.2,1.2,.029,,0.4,-2.0,-1.5,0.2
127,Jerami Grant\grantje01,SF,26,DET,49,1687,17.2,.560,.358,.362,2.2,13.6,7.8,14.3,1.0,2.8,9.1,28.2,,1.8,1.3,3.1,.089,,2.2,-1.1,1.1,1.3
128,Patrick Williams\willipa01,PF,19,CHI,53,1509,10.2,.560,.270,.220,3.8,14.3,9.1,6.1,1.5,2.0,14.1,14.7,,0.2,1.5,1.7,.055,,-2.8,-0.2,-2.9,-0.4
129,Aaron Gordon\gordoaa01,PF,25,TOT,35,1014,15.6,.559,.367,.332,5.3,17.5,11.2,20.0,1.2,2.5,15.3,21.7,,0.6,0.9,1.6,.073,,0.9,0.2,1.1,0.8
130,Delon Wright\wrighde01,SG-PG,28,TOT,47,1275,15.9,.559,.310,.296,3.9,13.2,8.4,23.4,2.7,1.3,12.3,15.9,,1.9,1.3,3.2,.119,,0.7,1.4,2.1,1.3
131,Keldon Johnson\johnske04,SF,21,SAS,50,1427,14.3,.556,.258,.288,5.4,18.7,11.9,9.2,0.9,1.5,8.7,19.2,,1.3,1.3,2.6,.089,,-0.6,-1.1,-1.7,0.1
132,Shake Milton\miltosh01,SG,24,PHI,47,1131,14.9,.556,.296,.271,2.9,7.6,5.3,19.2,1.3,1.0,11.9,24.8,,1.1,1.3,2.4,.101,,-0.8,-1.1,-1.9,0.0
133,D'Angelo Russell\russeda01,PG,24,MIN,26,729,17.2,.555,.448,.230,1.6,8.7,5.0,30.2,1.6,1.3,13.2,30.5,,0.4,0.3,0.7,.043,,2.6,-2.1,0.5,0.5
134,Marvin Bagley III\baglema01,PF,21,SAC,37,951,16.2,.553,.231,.262,10.4,21.8,16.0,5.5,0.9,1.7,9.6,23.1,,0.8,0.3,1.1,.055,,-0.6,-2.9,-3.5,-0.4
135,Jordan Clarkson\clarkjo01,SG,28,UTA,51,1296,16.8,.552,.585,.118,3.3,12.6,8.1,13.9,1.7,0.5,9.9,29.2,,1.1,1.7,2.8,.104,,2.0,-1.0,1.0,1.0
136,James Wiseman\wisemja01,C,19,GSW,39,836,13.1,.552,.103,.234,7.0,21.7,14.4,5.0,0.6,3.8,12.9,23.8,,-0.4,1.1,0.7,.039,,-4.0,-1.4,-5.4,-0.7
137,Rui Hachimura\hachiru01,PF,22,WAS,45,1427,11.4,.550,.220,.271,3.0,16.5,9.7,6.8,1.2,0.2,9.6,18.2,,0.5,1.0,1.5,.049,,-2.0,-1.5,-3.6,-0.6
138,Gary Trent Jr.\trentga02,SG,22,TOT,52,1632,12.6,.550,.557,.132,1.4,7.3,4.3,7.1,1.4,0.5,5.2,20.4,,1.4,0.4,1.8,.052,,-0.3,-2.1,-2.4,-0.2
139,Furkan Korkmaz\korkmfu01,SG,23,PHI,44,843,12.7,.549,.620,.223,1.6,10.2,6.0,9.4,2.3,0.8,9.5,20.8,,0.4,1.2,1.6,.091,,-0.6,0.3,-0.3,0.4
140,Pascal Siakam\siakapa01,PF,26,TOR,46,1637,17.9,.549,.257,.336,5.2,17.4,11.1,21.2,1.5,2.1,10.2,25.6,,2.4,1.6,4.0,.117,,0.9,-0.3,0.6,1.1
141,Cory Joseph\josepco01,PG,29,TOT,56,1240,11.9,.548,.317,.220,2.7,9.7,6.1,20.3,2.1,1.0,14.7,15.6,,1.0,0.5,1.5,.057,,-2.3,-0.3,-2.6,-0.2
142,Hamidou Diallo\diallha01,SG-SF,22,TOT,42,969,15.1,.546,.151,.427,5.4,17.6,11.5,14.9,1.8,1.7,12.2,22.3,,0.5,1.0,1.5,.075,,-1.9,0.1,-1.8,0.1
143,Goran Dragić\dragigo01,PG,34,MIA,35,932,11.9,.546,.432,.241,1.5,12.5,7.1,27.0,1.1,0.7,17.8,24.5,,-0.3,0.9,0.6,.031,,-1.9,-1.9,-3.8,-0.4
144,Raul Neto\netora01,PG,28,WAS,48,966,12.4,.544,.368,.156,2.0,9.5,5.7,14.8,2.5,0.3,9.2,16.9,,0.6,0.8,1.5,.072,,-1.7,0.4,-1.4,0.1
145,Devonte' Graham\grahade01,PG,25,CHO,44,1310,14.2,.543,.697,.215,1.4,8.4,4.8,25.6,1.7,0.3,10.4,21.0,,1.7,0.9,2.5,.093,,1.2,-0.9,0.3,0.7
146,Immanuel Quickley\quickim01,PG,21,NYK,51,995,16.1,.543,.508,.297,2.5,10.2,6.3,17.4,1.3,1.1,7.7,26.5,,1.4,1.2,2.6,.125,,1.6,-0.8,0.8,0.7
147,Josh Richardson\richajo01,SG,27,DAL,44,1404,11.5,.543,.461,.193,3.0,9.1,6.1,12.5,1.4,1.1,11.0,17.7,,0.9,1.1,2.0,.067,,-1.5,-0.6,-2.1,0.0
148,Fred VanVleet\vanvlfr01,SG,26,TOR,44,1601,17.2,.543,.546,.240,1.9,11.2,6.4,26.0,2.3,2.1,9.7,23.9,,2.2,1.6,3.9,.116,,2.4,-0.1,2.3,1.8
149,Dennis Schröder\schrode01,SG,27,LAL,52,1649,13.4,.542,.268,.357,1.7,10.2,6.1,25.2,1.8,0.6,16.5,23.0,,0.7,2.5,3.2,.092,,-1.4,0.1,-1.4,0.3
150,Darius Garland\garlada01,PG,21,CLE,45,1502,13.5,.541,.324,.161,1.5,6.8,4.1,29.3,1.7,0.3,16.1,24.4,,0.1,0.8,1.0,.031,,-0.3,-1.9,-2.2,-0.1
151,Derrick White\whitede01,SG,26,SAS,29,855,13.8,.541,.533,.253,1.0,9.1,4.9,16.3,1.2,2.9,9.1,22.4,,0.5,0.8,1.2,.070,,0.2,-0.3,-0.1,0.4
152,Taurean Prince\princta02,PF,26,TOT,38,841,12.3,.540,.466,.238,2.4,15.7,9.0,12.8,1.5,2.4,11.7,19.9,,0.2,0.8,1.0,.057,,-1.1,-0.8,-1.9,0.0
153,Kevin Huerter\huertke01,SG,22,ATL,56,1733,12.0,.539,.529,.088,2.1,9.5,5.8,16.6,1.8,0.7,9.6,17.1,,1.6,1.2,2.8,.077,,-0.8,0.0,-0.8,0.5
154,Donte DiVincenzo\divindo01,SG,24,MIL,52,1428,13.1,.538,.556,.115,4.8,16.1,10.7,14.5,2.0,0.6,12.5,17.2,,1.2,1.8,2.9,.099,,-0.2,0.3,0.0,0.7
155,Al Horford\horfoal01,C,34,OKC,28,782,17.6,.538,.422,.061,3.9,21.3,12.6,20.1,1.5,2.9,7.3,22.0,,0.7,0.9,1.7,.103,,1.9,1.4,3.3,1.0
156,Sviatoslav Mykhailiuk\mykhasv01,SF-SG,23,TOT,51,989,10.7,.538,.678,.123,2.2,11.3,6.7,12.6,2.0,0.7,14.4,19.0,,-0.3,0.8,0.5,.023,,-1.6,-0.8,-2.5,-0.1
157,Will Barton\bartowi01,SF,30,DEN,52,1627,11.8,.537,.419,.184,2.6,12.2,7.4,13.7,1.4,1.3,12.7,18.8,,0.7,1.3,2.0,.059,,-0.9,-1.2,-2.1,0.0
158,P.J. Washington\washipj01,PF,22,CHO,48,1413,12.6,.537,.388,.246,5.2,18.6,11.8,13.3,1.6,4.4,16.6,18.9,,-0.1,1.8,1.7,.059,,-2.0,0.4,-1.6,0.1
159,Kemba Walker\walkeke02,PG,30,BOS,36,1123,16.1,.536,.525,.195,1.0,12.6,6.8,24.5,1.7,0.8,11.2,25.5,,1.2,0.9,2.2,.093,,1.6,-0.7,0.9,0.8
160,RJ Barrett\barrerj01,SG,20,NYK,56,1896,13.8,.532,.252,.277,3.3,14.8,9.1,14.3,1.2,0.8,10.7,23.6,,0.7,2.4,3.2,.080,,-1.0,-0.4,-1.3,0.3
161,Carmelo Anthony\anthoca01,PF,36,POR,53,1331,14.0,.531,.395,.208,2.0,12.0,6.9,9.5,1.4,2.3,7.4,23.3,,0.9,0.6,1.5,.053,,-0.7,-1.7,-2.4,-0.1
162,Kyle Kuzma\kuzmaky01,SF,25,LAL,53,1494,12.3,.531,.509,.125,7.2,18.5,13.0,8.6,0.8,1.8,12.7,21.3,,-0.2,2.3,2.2,.070,,-0.7,-0.9,-1.6,0.2
163,Ja Morant\moranja01,PG,21,MEM,45,1434,16.8,.531,.229,.390,3.0,8.8,5.8,34.1,1.3,0.5,14.7,27.5,,1.2,1.1,2.3,.077,,1.4,-2.1,-0.8,0.5
164,Tyler Herro\herroty01,SG,21,MIA,44,1383,12.5,.530,.420,.182,1.8,15.6,8.9,17.5,1.1,1.2,12.2,23.4,,-0.4,1.5,1.1,.037,,-1.0,-1.1,-2.1,0.0
165,Terrence Ross\rosste01,SG,29,ORL,45,1325,13.3,.530,.432,.224,1.1,11.5,6.1,13.1,1.7,1.4,9.8,24.3,,0.0,1.1,1.1,.038,,-1.3,-1.0,-2.3,-0.1
166,Lonnie Walker\walkelo01,SG,22,SAS,41,1042,10.4,.530,.459,.132,1.0,10.4,5.6,9.1,1.0,1.2,8.5,20.2,,-0.1,0.7,0.6,.027,,-2.0,-1.5,-3.5,-0.4
167,Kelly Oubre Jr.\oubreke01,SF,25,GSW,50,1542,13.2,.528,.394,.226,5.0,15.8,10.4,6.7,1.6,2.2,7.9,21.7,,0.0,1.9,1.9,.058,,-1.6,-0.5,-2.1,-0.1
168,Eric Bledsoe\bledser01,SG,31,NOP,54,1628,10.9,.527,.505,.242,1.5,11.0,6.3,16.8,1.1,0.9,12.6,18.0,,0.8,0.6,1.4,.040,,-1.4,-1.7,-3.1,-0.5
169,Lou Williams\willilo02,PG,34,TOT,51,1133,15.1,.525,.270,.253,1.7,8.2,5.1,23.0,1.9,0.4,11.9,25.8,,0.8,1.0,1.8,.074,,-0.7,-1.5,-2.3,-0.1
170,Nickeil Alexander-Walker\alexani01,SG,22,NOP,41,851,12.6,.524,.495,.138,1.3,15.0,8.2,13.7,2.3,2.4,12.4,22.8,,-0.2,0.8,0.6,.033,,-1.6,-0.1,-1.7,0.1
171,Rudy Gay\gayru01,PF,34,SAS,46,997,14.2,.524,.437,.167,3.7,21.0,12.1,10.4,1.7,2.2,9.2,23.2,,-0.1,1.3,1.2,.057,,-0.3,-0.2,-0.6,0.3
172,Caris LeVert\leverca01,SG,26,TOT,30,924,16.9,.523,.340,.203,2.6,13.5,8.1,24.7,2.2,1.4,10.4,27.4,,0.5,0.9,1.4,.074,,-0.3,-0.4,-0.6,0.3
173,Coby White\whiteco01,PG,20,CHI,51,1557,10.9,.523,.477,.148,1.6,13.5,7.7,20.1,0.8,0.4,14.0,22.2,,0.0,1.0,1.0,.031,,-2.0,-1.8,-3.9,-0.7
174,Isaac Okoro\okorois01,SG,20,CLE,50,1594,7.2,.518,.391,.254,3.1,6.9,5.0,8.0,1.6,1.2,14.6,12.7,,-0.3,1.0,0.7,.020,,-4.4,-0.4,-4.8,-1.1
175,Luguentz Dort\dortlu01,SG,21,OKC,43,1268,10.1,.517,.518,.231,2.4,10.2,6.3,8.3,1.5,1.1,10.2,20.9,,-0.6,0.9,0.4,.014,,-2.8,-0.8,-3.5,-0.5
176,Josh Jackson\jacksjo02,SG,23,DET,50,1226,12.3,.517,.358,.283,4.2,14.8,9.4,14.2,1.8,2.5,14.4,26.2,,-1.1,1.3,0.2,.007,,-2.3,-0.8,-3.1,-0.4
177,Talen Horton-Tucker\hortota01,SG,20,LAL,51,1001,12.5,.516,.274,.228,2.4,12.9,7.7,19.6,2.4,1.8,15.0,21.9,,-0.3,1.8,1.6,.075,,-2.8,1.4,-1.4,0.2
178,Tyus Jones\jonesty01,PG,24,MEM,53,1014,15.4,.513,.333,.101,2.1,10.8,6.3,28.5,2.6,0.5,10.0,16.6,,1.3,1.2,2.5,.117,,-0.1,0.8,0.8,0.7
179,Dejounte Murray\murrade01,PG,24,SAS,51,1615,16.7,.512,.211,.138,2.4,21.1,11.5,25.2,2.5,0.3,9.8,23.5,,0.6,2.1,2.8,.082,,-0.3,1.0,0.7,1.1
180,Victor Oladipo\oladivi01,SG,28,TOT,33,1080,14.5,.512,.415,.240,1.2,15.2,8.0,23.1,2.0,1.2,11.5,28.6,,-0.5,1.1,0.5,.024,,-0.6,-0.9,-1.5,0.1
181,Aaron Holiday\holidaa01,PG,24,IND,52,911,9.1,.507,.431,.167,1.1,6.8,3.9,13.2,1.7,0.8,11.6,19.9,,-0.4,0.6,0.1,.008,,-3.2,-1.1,-4.3,-0.5
182,Derrick Rose\rosede01,PG,32,TOT,35,839,16.0,.507,.219,.226,1.8,8.4,5.1,27.7,2.2,1.8,11.0,26.6,,0.2,1.0,1.2,.068,,0.2,-0.3,-0.1,0.4
183,Ricky Rubio\rubiori01,PG,30,MIN,52,1357,13.1,.505,.398,.336,1.6,12.3,6.7,35.4,2.6,0.2,17.9,16.1,,1.1,0.9,2.0,.069,,-2.4,-0.2,-2.6,-0.2
184,Dillon Brooks\brookdi01,SF,25,MEM,50,1475,11.4,.504,.364,.172,2.8,7.9,5.3,12.0,1.9,1.2,10.2,25.9,,-0.7,1.5,0.8,.025,,-2.9,-1.4,-4.2,-0.8
185,Russell Westbrook\westbru01,PG,32,WAS,47,1662,18.4,.504,.221,.335,4.9,27.5,16.2,48.3,1.7,0.9,18.8,31.4,,-0.6,2.0,1.4,.039,,1.9,0.2,2.2,1.7
186,John Wall\walljo01,PG,30,HOU,36,1161,16.1,.503,.345,.287,1.5,9.7,5.4,36.8,1.6,2.2,14.1,31.9,,-0.7,0.9,0.2,.008,,1.6,-1.5,0.1,0.6
187,Anthony Edwards\edwaran01,SG,19,MIN,56,1755,12.4,.500,.415,.211,2.8,12.8,7.5,13.6,1.7,1.2,10.6,27.2,,-1.4,0.9,-0.6,-0.016,,-1.8,-2.1,-3.9,-0.8
188,Andre Drummond\drumman01,C,27,TOT,30,835,19.4,.499,.019,.345,15.0,36.8,25.7,14.9,2.8,3.5,16.6,30.2,,-1.0,1.7,0.7,.042,,-1.4,0.3,-1.1,0.2
189,Elfrid Payton\paytoel01,PG,26,NYK,47,1221,13.2,.496,.163,.190,5.2,10.2,7.7,21.4,1.4,0.7,12.4,23.3,,-0.1,1.5,1.4,.055,,-1.7,-0.6,-2.3,-0.1
190,Darius Bazley\bazleda01,PF,20,OKC,39,1197,9.3,.493,.448,.192,2.2,23.0,12.6,7.6,0.8,1.7,13.5,20.0,,-1.6,1.1,-0.5,-0.018,,-3.2,-0.9,-4.1,-0.6
191,Théo Maledon\maledth01,PG,19,OKC,49,1342,8.0,.493,.517,.196,1.4,11.4,6.4,18.2,1.6,0.4,17.5,18.7,,-1.3,1.0,-0.4,-0.013,,-4.4,-0.9,-5.3,-1.1
192,Dwayne Bacon\bacondw01,SG,25,ORL,55,1381,9.1,.489,.310,.222,1.3,11.5,6.2,7.4,1.0,0.3,5.7,19.1,,-0.4,0.7,0.4,.013,,-3.8,-1.6,-5.3,-1.2
193,Denzel Valentine\valende01,SG,27,CHI,47,823,10.6,.484,.579,.034,2.8,19.9,11.4,13.2,1.5,0.1,8.0,18.9,,-0.1,0.8,0.7,.039,,-1.9,-0.8,-2.7,-0.1
194,Cedi Osman\osmande01,SF,25,CLE,49,1179,10.0,.470,.560,.159,2.7,12.8,7.6,16.3,1.8,0.6,9.5,20.3,,-0.5,0.9,0.4,.016,,-1.9,-0.8,-2.7,-0.2
195,Cole Anthony\anthoco01,PG,20,ORL,30,787,10.9,.466,.301,.193,3.3,14.9,8.9,23.5,1.2,1.5,13.9,22.6,,-0.7,0.6,-0.1,-0.006,,-2.7,-1.1,-3.8,-0.4